<?xml version="1.0" encoding="UTF-8"?>
<!DOCTYPE suite SYSTEM "http://testng.org/testng-1.0.dtd">
<suite name="vlabsautomation" parallel="tests" verbose="10" thread-count="3" configfailurepolicy="continue">
    <parameter name="Devices" value="1"/>
    <parameter name="FirstPort" value="4724"/>
    <listeners>
        <listener class-name="com.vlabs.listeners.AnnotationListeners"/>
    </listeners>

    <test name="Test001">
        <parameter name="Port" value="0.0.0.0:4724"/>
<!--        <parameter name="DeviceName" value="motorola one fusion+"/>-->
<!--        <parameter name="PlatformVersion" value="10"/>-->
        <parameter name="SystemPort" value="8207"/>

<!--        <groups>-->
<!--            <run>-->
<!--                <include name="Regression" />-->
<!--            </run>-->
<!--        </groups>-->

        <classes>
			 <class name="com.vlabs.test.TC001_SignInTest_ValidCredentials"/>
            <class name="com.vlabs.test.TC002_SignInTest_UserIDEmpty"/>
            <class name="com.vlabs.test.TC003_SignInTest_PasswordEmpty"/>
            <class name="com.vlabs.test.TC004_SignInTest_InvalidUsername"/>
            <class name="com.vlabs.test.TC005_SignInTest_InvalidPassword"/>
             <class name="com.vlabs.test.TC005_SignInTest_InvalidPassword"/>
              <class name="com.vlabs.test.TC006_SignInTest_OrderProcessing"/>
        </classes>
    </test>
</suite>










      